FirstName,SecondName,EmailId
Steven,Steven,Steven.King@company.com
Neena,Neena,Neena.Kochhar@company.com
Alexander,Alexander,Alexander.Hunold@company.com
Bruce,Bruce,Bruce.Ernst@company.com
David,David,David.Austin@company.com
Valli,Valli,Valli.Pataballa@company.com
Diana,Diana,Diana.Lorentz@company.com
Nancy,Nancy,Nancy.Greenberg@company.com
Daniel,Daniel,Daniel.Faviet@company.com
John,John,John.Chen@company.com
Ismael,Ismael,Ismael.Sciarra@company.com
Luis,Luis,Luis.Popp@company.com
Den,Den,Den.Raphaely@company.com
Alexander,Alexander,Alexander.Khoo@company.com
Shelli,Shelli,Shelli.Baida@company.com
Sigal,Sigal,Sigal.Tobias@company.com
Guy,Guy,Guy.Himuro@company.com
Karen,Karen,Karen.Colmenares@company.com
Matthew,Matthew,Matthew.Weiss@company.com
Adam,Adam,Adam.Fripp@company.com
Payam,Payam,Payam.Kaufling@company.com
Shanta,Shanta,Shanta.Vollman@company.com
Kevin,Kevin,Kevin.Mourgos@company.com
Julia,Julia,Julia.Nayer@company.com
Irene,Irene,Irene.Mikkilineni@company.com
James,James,James.Landry@company.com
Steven,Steven,Steven.Markle@company.com
Laura,Laura,Laura.Bissot@company.com
Mozhe,Mozhe,Mozhe.Atkinson@company.com
James,James,James.Marlow@company.com
TJ,TJ,TJ.Olson@company.com
Jason,Jason,Jason.Mallin@company.com
Michael,Michael,Michael.Rogers@company.com
Ki,Ki,Ki.Gee@company.com
Hazel,Hazel,Hazel.Philtanker@company.com
Renske,Renske,Renske.Ladwig@company.com
Stephen,Stephen,Stephen.Stiles@company.com
John,John,John.Seo@company.com
Joshua,Joshua,Joshua.Patel@company.com
Trenna,Trenna,Trenna.Rajs@company.com
Curtis,Curtis,Curtis.Davies@company.com
Randall,Randall,Randall.Matos@company.com
Peter,Peter,Peter.Vargas@company.com
John,John,John.Russell@company.com
Karen,Karen,Karen.Partners@company.com
Alberto,Alberto,Alberto.Errazuriz@company.com
Gerald,Gerald,Gerald.Cambrault@company.com
Eleni,Eleni,Eleni.Zlotkey@company.com
Peter,Peter,Peter.Tucker@company.com
David,David,David.Bernstein@company.com
Peter,Peter,Peter.Hall@company.com
Christopher,Christopher,Christopher.Olsen@company.com
Nanette,Nanette,Nanette.Cambrault@company.com
Oliver,Oliver,Oliver.Tuvault@company.com
Janette,Janette,Janette.King@company.com
Patrick,Patrick,Patrick.Sully@company.com
Allan,Allan,Allan.McEwen@company.com
Lindsey,Lindsey,Lindsey.Smith@company.com
Louise,Louise,Louise.Doran@company.com
Sarath,Sarath,Sarath.Sewall@company.com
Clara,Clara,Clara.Vishney@company.com
Danielle,Danielle,Danielle.Greene@company.com
Mattea,Mattea,Mattea.Marvins@company.com
David,David,David.Lee@company.com
Sundar,Sundar,Sundar.Ande@company.com
Amit,Amit,Amit.Banda@company.com
Lisa,Lisa,Lisa.Ozer@company.com
Harrison,Harrison,Harrison.Bloom@company.com
Tayler,Tayler,Tayler.Fox@company.com
William,William,William.Smith@company.com
Elizabeth,Elizabeth,Elizabeth.Bates@company.com
Sundita,Sundita,Sundita.Kumar@company.com
Ellen,Ellen,Ellen.Abel@company.com
Alyssa,Alyssa,Alyssa.Hutton@company.com
Jonathon,Jonathon,Jonathon.Taylor@company.com
Jack,Jack,Jack.Livingston@company.com
Kimberely,Kimberely,Kimberely.Grant@company.com
Charles,Charles,Charles.Johnson@company.com
Winston,Winston,Winston.Taylor@company.com
Jean,Jean,Jean.Fleaur@company.com
Martha,Martha,Martha.Sullivan@company.com
Girard,Girard,Girard.Geoni@company.com
Nandita,Nandita,Nandita.Sarchand@company.com
Alexis,Alexis,Alexis.Bull@company.com
Julia,Julia,Julia.Dellinger@company.com
Anthony,Anthony,Anthony.Cabrio@company.com
Kelly,Kelly,Kelly.Chung@company.com
Jennifer,Jennifer,Jennifer.Dilly@company.com
Timothy,Timothy,Timothy.Gates@company.com
Randall,Randall,Randall.Perkins@company.com
Sarah,Sarah,Sarah.Bell@company.com
Britney,Britney,Britney.Everett@company.com
Samuel,Samuel,Samuel.McCain@company.com
Vance,Vance,Vance.Jones@company.com
Alana,Alana,Alana.Walsh@company.com
Kevin,Kevin,Kevin.Feeney@company.com
Donald,Donald,Donald.OConnell@company.com
Douglas,Douglas,Douglas.Grant@company.com
Jennifer,Jennifer,Jennifer.Whalen@company.com
Michael,Michael,Michael.Hartstein@company.com
Pat,Pat,Pat.Fay@company.com
Susan,Susan,Susan.Mavris@company.com
Hermann,Hermann,Hermann.Baer@company.com
Shelley,Shelley,Shelley.Higgins@company.com
William,William,William.Gietz@company.com